snapshot_id,match_id,tour,match_date,tournament,round,surface,best_of,player1_name,player2_name,point_index,sets_1,sets_2,games_1,games_2,points_1,points_2,server,p1_service_points_won_before,p1_service_points_played_before,p2_service_points_won_before,p2_service_points_played_before,label_player1_win_match
20150105-M-Doha-R32-Rafael_Nadal-Michael_Berrer::1,20150105-M-Doha-R32-Rafael_Nadal-Michael_Berrer,atp,2015-01-05,Doha,R32,Hard,3,Rafael Nadal,Michael Berrer,1,0,0,0,0,0,0,A,0,0,0,0,0
20150105-M-Doha-R32-Rafael_Nadal-Michael_Berrer::2,20150105-M-Doha-R32-Rafael_Nadal-Michael_Berrer,atp,2015-01-05,Doha,R32,Hard,3,Rafael Nadal,Michael Berrer,2,0,0,0,0,15,0,A,1,1,0,0,0
20150105-M-Doha-R32-Rafael_Nadal-Michael_Berrer::3,20150105-M-Doha-R32-Rafael_Nadal-Michael_Berrer,atp,2015-01-05,Doha,R32,Hard,3,Rafael Nadal,Michael Berrer,3,0,0,0,0,30,0,A,2,2,0,0,0
20150105-M-Doha-R32-Rafael_Nadal-Michael_Berrer::4,20150105-M-Doha-R32-Rafael_Nadal-Michael_Berrer,atp,2015-01-05,Doha,R32,Hard,3,Rafael Nadal,Michael Berrer,4,0,0,0,0,40,0,A,3,3,0,0,0
20150105-M-Doha-R32-Rafael_Nadal-Michael_Berrer::5,20150105-M-Doha-R32-Rafael_Nadal-Michael_Berrer,atp,2015-01-05,Doha,R32,Hard,3,Rafael Nadal,Michael Berrer,5,0,0,1,0,0,0,B,4,4,0,0,0
20150105-M-Doha-R32-Rafael_Nadal-Michael_Berrer::6,20150105-M-Doha-R32-Rafael_Nadal-Michael_Berrer,atp,2015-01-05,Doha,R32,Hard,3,Rafael Nadal,Michael Berrer,6,0,0,1,0,15,0,B,4,4,0,1,0
20150105-M-Doha-R32-Rafael_Nadal-Michael_Berrer::7,20150105-M-Doha-R32-Rafael_Nadal-Michael_Berrer,atp,2015-01-05,Doha,R32,Hard,3,Rafael Nadal,Michael Berrer,7,0,0,1,0,30,0,B,4,4,0,2,0
20150105-M-Doha-R32-Rafael_Nadal-Michael_Berrer::8,20150105-M-Doha-R32-Rafael_Nadal-Michael_Berrer,atp,2015-01-05,Doha,R32,Hard,3,Rafael Nadal,Michael Berrer,8,0,0,1,0,40,0,B,4,4,0,3,0
20150105-M-Doha-R32-Rafael_Nadal-Michael_Berrer::9,20150105-M-Doha-R32-Rafael_Nadal-Michael_Berrer,atp,2015-01-05,Doha,R32,Hard,3,Rafael Nadal,Michael Berrer,9,0,0,1,0,40,15,B,4,4,1,4,0
20150105-M-Doha-R32-Rafael_Nadal-Michael_Berrer::10,20150105-M-Doha-R32-Rafael_Nadal-Michael_Berrer,atp,2015-01-05,Doha,R32,Hard,3,Rafael Nadal,Michael Berrer,10,0,0,1,0,40,30,B,4,4,2,5,0
20150105-M-Doha-R32-Rafael_Nadal-Michael_Berrer::11,20150105-M-Doha-R32-Rafael_Nadal-Michael_Berrer,atp,2015-01-05,Doha,R32,Hard,3,Rafael Nadal,Michael Berrer,11,0,0,1,0,40,40,B,4,4,3,6,0
20150105-M-Doha-R32-Rafael_Nadal-Michael_Berrer::12,20150105-M-Doha-R32-Rafael_Nadal-Michael_Berrer,atp,2015-01-05,Doha,R32,Hard,3,Rafael Nadal,Michael Berrer,12,0,0,1,0,40,AD,B,4,4,4,7,0
20150105-M-Doha-R32-Rafael_Nadal-Michael_Berrer::13,20150105-M-Doha-R32-Rafael_Nadal-Michael_Berrer,atp,2015-01-05,Doha,R32,Hard,3,Rafael Nadal,Michael Berrer,13,0,0,1,0,40,40,B,4,4,4,8,0
20150105-M-Doha-R32-Rafael_Nadal-Michael_Berrer::14,20150105-M-Doha-R32-Rafael_Nadal-Michael_Berrer,atp,2015-01-05,Doha,R32,Hard,3,Rafael Nadal,Michael Berrer,14,0,0,1,0,40,AD,B,4,4,5,9,0
20150105-M-Doha-R32-Rafael_Nadal-Michael_Berrer::15,20150105-M-Doha-R32-Rafael_Nadal-Michael_Berrer,atp,2015-01-05,Doha,R32,Hard,3,Rafael Nadal,Michael Berrer,15,0,0,1,0,40,40,B,4,4,5,10,0
20150105-M-Doha-R32-Rafael_Nadal-Michael_Berrer::16,20150105-M-Doha-R32-Rafael_Nadal-Michael_Berrer,atp,2015-01-05,Doha,R32,Hard,3,Rafael Nadal,Michael Berrer,16,0,0,1,0,AD,40,B,4,4,5,11,0
20150105-M-Doha-R32-Rafael_Nadal-Michael_Berrer::17,20150105-M-Doha-R32-Rafael_Nadal-Michael_Berrer,atp,2015-01-05,Doha,R32,Hard,3,Rafael Nadal,Michael Berrer,17,0,0,1,0,40,40,B,4,4,6,12,0
20150105-M-Doha-R32-Rafael_Nadal-Michael_Berrer::18,20150105-M-Doha-R32-Rafael_Nadal-Michael_Berrer,atp,2015-01-05,Doha,R32,Hard,3,Rafael Nadal,Michael Berrer,18,0,0,1,0,AD,40,B,4,4,6,13,0
20150105-M-Doha-R32-Rafael_Nadal-Michael_Berrer::19,20150105-M-Doha-R32-Rafael_Nadal-Michael_Berrer,atp,2015-01-05,Doha,R32,Hard,3,Rafael Nadal,Michael Berrer,19,0,0,2,0,0,0,A,4,4,6,14,0
20150105-M-Doha-R32-Rafael_Nadal-Michael_Berrer::20,20150105-M-Doha-R32-Rafael_Nadal-Michael_Berrer,atp,2015-01-05,Doha,R32,Hard,3,Rafael Nadal,Michael Berrer,20,0,0,2,0,15,0,A,5,5,6,14,0
20150105-M-Doha-R32-Rafael_Nadal-Michael_Berrer::21,20150105-M-Doha-R32-Rafael_Nadal-Michael_Berrer,atp,2015-01-05,Doha,R32,Hard,3,Rafael Nadal,Michael Berrer,21,0,0,2,0,30,0,A,6,6,6,14,0
20150105-M-Doha-R32-Rafael_Nadal-Michael_Berrer::22,20150105-M-Doha-R32-Rafael_Nadal-Michael_Berrer,atp,2015-01-05,Doha,R32,Hard,3,Rafael Nadal,Michael Berrer,22,0,0,2,0,40,0,A,7,7,6,14,0
20150105-M-Doha-R32-Rafael_Nadal-Michael_Berrer::23,20150105-M-Doha-R32-Rafael_Nadal-Michael_Berrer,atp,2015-01-05,Doha,R32,Hard,3,Rafael Nadal,Michael Berrer,23,0,0,3,0,0,0,B,8,8,6,14,0
20150105-M-Doha-R32-Rafael_Nadal-Michael_Berrer::24,20150105-M-Doha-R32-Rafael_Nadal-Michael_Berrer,atp,2015-01-05,Doha,R32,Hard,3,Rafael Nadal,Michael Berrer,24,0,0,3,0,0,15,B,8,8,7,15,0
20150105-M-Doha-R32-Rafael_Nadal-Michael_Berrer::25,20150105-M-Doha-R32-Rafael_Nadal-Michael_Berrer,atp,2015-01-05,Doha,R32,Hard,3,Rafael Nadal,Michael Berrer,25,0,0,3,0,0,30,B,8,8,8,16,0
20150105-M-Doha-R32-Rafael_Nadal-Michael_Berrer::26,20150105-M-Doha-R32-Rafael_Nadal-Michael_Berrer,atp,2015-01-05,Doha,R32,Hard,3,Rafael Nadal,Michael Berrer,26,0,0,3,0,15,30,B,8,8,8,17,0
20150105-M-Doha-R32-Rafael_Nadal-Michael_Berrer::27,20150105-M-Doha-R32-Rafael_Nadal-Michael_Berrer,atp,2015-01-05,Doha,R32,Hard,3,Rafael Nadal,Michael Berrer,27,0,0,3,0,30,30,B,8,8,8,18,0
20150105-M-Doha-R32-Rafael_Nadal-Michael_Berrer::28,20150105-M-Doha-R32-Rafael_Nadal-Michael_Berrer,atp,2015-01-05,Doha,R32,Hard,3,Rafael Nadal,Michael Berrer,28,0,0,3,0,40,30,B,8,8,8,19,0
20150105-M-Doha-R32-Rafael_Nadal-Michael_Berrer::29,20150105-M-Doha-R32-Rafael_Nadal-Michael_Berrer,atp,2015-01-05,Doha,R32,Hard,3,Rafael Nadal,Michael Berrer,29,0,0,3,0,40,40,B,8,8,9,20,0
20150105-M-Doha-R32-Rafael_Nadal-Michael_Berrer::30,20150105-M-Doha-R32-Rafael_Nadal-Michael_Berrer,atp,2015-01-05,Doha,R32,Hard,3,Rafael Nadal,Michael Berrer,30,0,0,3,0,40,AD,B,8,8,10,21,0
20150105-M-Doha-R32-Rafael_Nadal-Michael_Berrer::31,20150105-M-Doha-R32-Rafael_Nadal-Michael_Berrer,atp,2015-01-05,Doha,R32,Hard,3,Rafael Nadal,Michael Berrer,31,0,0,3,0,40,40,B,8,8,10,22,0
20150105-M-Doha-R32-Rafael_Nadal-Michael_Berrer::32,20150105-M-Doha-R32-Rafael_Nadal-Michael_Berrer,atp,2015-01-05,Doha,R32,Hard,3,Rafael Nadal,Michael Berrer,32,0,0,3,0,AD,40,B,8,8,10,23,0
20150105-M-Doha-R32-Rafael_Nadal-Michael_Berrer::33,20150105-M-Doha-R32-Rafael_Nadal-Michael_Berrer,atp,2015-01-05,Doha,R32,Hard,3,Rafael Nadal,Michael Berrer,33,0,0,4,0,0,0,A,8,8,10,24,0
20150105-M-Doha-R32-Rafael_Nadal-Michael_Berrer::34,20150105-M-Doha-R32-Rafael_Nadal-Michael_Berrer,atp,2015-01-05,Doha,R32,Hard,3,Rafael Nadal,Michael Berrer,34,0,0,4,0,15,0,A,9,9,10,24,0
20150105-M-Doha-R32-Rafael_Nadal-Michael_Berrer::35,20150105-M-Doha-R32-Rafael_Nadal-Michael_Berrer,atp,2015-01-05,Doha,R32,Hard,3,Rafael Nadal,Michael Berrer,35,0,0,4,0,15,15,A,9,10,10,24,0
20150105-M-Doha-R32-Rafael_Nadal-Michael_Berrer::36,20150105-M-Doha-R32-Rafael_Nadal-Michael_Berrer,atp,2015-01-05,Doha,R32,Hard,3,Rafael Nadal,Michael Berrer,36,0,0,4,0,30,15,A,10,11,10,24,0
20150105-M-Doha-R32-Rafael_Nadal-Michael_Berrer::37,20150105-M-Doha-R32-Rafael_Nadal-Michael_Berrer,atp,2015-01-05,Doha,R32,Hard,3,Rafael Nadal,Michael Berrer,37,0,0,4,0,40,15,A,11,12,10,24,0
20150105-M-Doha-R32-Rafael_Nadal-Michael_Berrer::38,20150105-M-Doha-R32-Rafael_Nadal-Michael_Berrer,atp,2015-01-05,Doha,R32,Hard,3,Rafael Nadal,Michael Berrer,38,0,0,4,0,40,30,A,11,13,10,24,0
20150105-M-Doha-R32-Rafael_Nadal-Michael_Berrer::39,20150105-M-Doha-R32-Rafael_Nadal-Michael_Berrer,atp,2015-01-05,Doha,R32,Hard,3,Rafael Nadal,Michael Berrer,39,0,0,4,0,40,40,A,11,14,10,24,0
20150105-M-Doha-R32-Rafael_Nadal-Michael_Berrer::40,20150105-M-Doha-R32-Rafael_Nadal-Michael_Berrer,atp,2015-01-05,Doha,R32,Hard,3,Rafael Nadal,Michael Berrer,40,0,0,4,0,AD,40,A,12,15,10,24,0
20150105-M-Doha-R32-Rafael_Nadal-Michael_Berrer::41,20150105-M-Doha-R32-Rafael_Nadal-Michael_Berrer,atp,2015-01-05,Doha,R32,Hard,3,Rafael Nadal,Michael Berrer,41,0,0,5,0,0,0,B,13,16,10,24,0
20150105-M-Doha-R32-Rafael_Nadal-Michael_Berrer::42,20150105-M-Doha-R32-Rafael_Nadal-Michael_Berrer,atp,2015-01-05,Doha,R32,Hard,3,Rafael Nadal,Michael Berrer,42,0,0,5,0,0,15,B,13,16,11,25,0
20150105-M-Doha-R32-Rafael_Nadal-Michael_Berrer::43,20150105-M-Doha-R32-Rafael_Nadal-Michael_Berrer,atp,2015-01-05,Doha,R32,Hard,3,Rafael Nadal,Michael Berrer,43,0,0,5,0,0,30,B,13,16,12,26,0
20150105-M-Doha-R32-Rafael_Nadal-Michael_Berrer::44,20150105-M-Doha-R32-Rafael_Nadal-Michael_Berrer,atp,2015-01-05,Doha,R32,Hard,3,Rafael Nadal,Michael Berrer,44,0,0,5,0,0,40,B,13,16,13,27,0
20150105-M-Doha-R32-Rafael_Nadal-Michael_Berrer::45,20150105-M-Doha-R32-Rafael_Nadal-Michael_Berrer,atp,2015-01-05,Doha,R32,Hard,3,Rafael Nadal,Michael Berrer,45,0,0,5,1,0,0,A,13,16,14,28,0
20150105-M-Doha-R32-Rafael_Nadal-Michael_Berrer::46,20150105-M-Doha-R32-Rafael_Nadal-Michael_Berrer,atp,2015-01-05,Doha,R32,Hard,3,Rafael Nadal,Michael Berrer,46,0,0,5,1,15,0,A,14,17,14,28,0
20150105-M-Doha-R32-Rafael_Nadal-Michael_Berrer::47,20150105-M-Doha-R32-Rafael_Nadal-Michael_Berrer,atp,2015-01-05,Doha,R32,Hard,3,Rafael Nadal,Michael Berrer,47,0,0,5,1,30,0,A,15,18,14,28,0
20150105-M-Doha-R32-Rafael_Nadal-Michael_Berrer::48,20150105-M-Doha-R32-Rafael_Nadal-Michael_Berrer,atp,2015-01-05,Doha,R32,Hard,3,Rafael Nadal,Michael Berrer,48,0,0,5,1,40,0,A,16,19,14,28,0
20150105-M-Doha-R32-Rafael_Nadal-Michael_Berrer::49,20150105-M-Doha-R32-Rafael_Nadal-Michael_Berrer,atp,2015-01-05,Doha,R32,Hard,3,Rafael Nadal,Michael Berrer,49,1,0,0,0,0,0,B,17,20,14,28,0
20150105-M-Doha-R32-Rafael_Nadal-Michael_Berrer::50,20150105-M-Doha-R32-Rafael_Nadal-Michael_Berrer,atp,2015-01-05,Doha,R32,Hard,3,Rafael Nadal,Michael Berrer,50,1,0,0,0,0,15,B,17,20,15,29,0
20150105-M-Doha-R32-Rafael_Nadal-Michael_Berrer::51,20150105-M-Doha-R32-Rafael_Nadal-Michael_Berrer,atp,2015-01-05,Doha,R32,Hard,3,Rafael Nadal,Michael Berrer,51,1,0,0,0,0,30,B,17,20,16,30,0
20150105-M-Doha-R32-Rafael_Nadal-Michael_Berrer::52,20150105-M-Doha-R32-Rafael_Nadal-Michael_Berrer,atp,2015-01-05,Doha,R32,Hard,3,Rafael Nadal,Michael Berrer,52,1,0,0,0,15,30,B,17,20,16,31,0
20150105-M-Doha-R32-Rafael_Nadal-Michael_Berrer::53,20150105-M-Doha-R32-Rafael_Nadal-Michael_Berrer,atp,2015-01-05,Doha,R32,Hard,3,Rafael Nadal,Michael Berrer,53,1,0,0,0,15,40,B,17,20,17,32,0
20150105-M-Doha-R32-Rafael_Nadal-Michael_Berrer::54,20150105-M-Doha-R32-Rafael_Nadal-Michael_Berrer,atp,2015-01-05,Doha,R32,Hard,3,Rafael Nadal,Michael Berrer,54,1,0,0,0,30,40,B,17,20,17,33,0
20150105-M-Doha-R32-Rafael_Nadal-Michael_Berrer::55,20150105-M-Doha-R32-Rafael_Nadal-Michael_Berrer,atp,2015-01-05,Doha,R32,Hard,3,Rafael Nadal,Michael Berrer,55,1,0,0,1,0,0,A,17,20,18,34,0
20150105-M-Doha-R32-Rafael_Nadal-Michael_Berrer::56,20150105-M-Doha-R32-Rafael_Nadal-Michael_Berrer,atp,2015-01-05,Doha,R32,Hard,3,Rafael Nadal,Michael Berrer,56,1,0,0,1,15,0,A,18,21,18,34,0
20150105-M-Doha-R32-Rafael_Nadal-Michael_Berrer::57,20150105-M-Doha-R32-Rafael_Nadal-Michael_Berrer,atp,2015-01-05,Doha,R32,Hard,3,Rafael Nadal,Michael Berrer,57,1,0,0,1,30,0,A,19,22,18,34,0
20150105-M-Doha-R32-Rafael_Nadal-Michael_Berrer::58,20150105-M-Doha-R32-Rafael_Nadal-Michael_Berrer,atp,2015-01-05,Doha,R32,Hard,3,Rafael Nadal,Michael Berrer,58,1,0,0,1,40,0,A,20,23,18,34,0
20150105-M-Doha-R32-Rafael_Nadal-Michael_Berrer::59,20150105-M-Doha-R32-Rafael_Nadal-Michael_Berrer,atp,2015-01-05,Doha,R32,Hard,3,Rafael Nadal,Michael Berrer,59,1,0,0,1,40,15,A,20,24,18,34,0
20150105-M-Doha-R32-Rafael_Nadal-Michael_Berrer::60,20150105-M-Doha-R32-Rafael_Nadal-Michael_Berrer,atp,2015-01-05,Doha,R32,Hard,3,Rafael Nadal,Michael Berrer,60,1,0,1,1,0,0,B,21,25,18,34,0
20150105-M-Doha-R32-Rafael_Nadal-Michael_Berrer::61,20150105-M-Doha-R32-Rafael_Nadal-Michael_Berrer,atp,2015-01-05,Doha,R32,Hard,3,Rafael Nadal,Michael Berrer,61,1,0,1,1,15,0,B,21,25,18,35,0
20150105-M-Doha-R32-Rafael_Nadal-Michael_Berrer::62,20150105-M-Doha-R32-Rafael_Nadal-Michael_Berrer,atp,2015-01-05,Doha,R32,Hard,3,Rafael Nadal,Michael Berrer,62,1,0,1,1,15,15,B,21,25,19,36,0
20150105-M-Doha-R32-Rafael_Nadal-Michael_Berrer::63,20150105-M-Doha-R32-Rafael_Nadal-Michael_Berrer,atp,2015-01-05,Doha,R32,Hard,3,Rafael Nadal,Michael Berrer,63,1,0,1,1,15,30,B,21,25,20,37,0
20150105-M-Doha-R32-Rafael_Nadal-Michael_Berrer::64,20150105-M-Doha-R32-Rafael_Nadal-Michael_Berrer,atp,2015-01-05,Doha,R32,Hard,3,Rafael Nadal,Michael Berrer,64,1,0,1,1,15,40,B,21,25,21,38,0
20150105-M-Doha-R32-Rafael_Nadal-Michael_Berrer::65,20150105-M-Doha-R32-Rafael_Nadal-Michael_Berrer,atp,2015-01-05,Doha,R32,Hard,3,Rafael Nadal,Michael Berrer,65,1,0,1,2,0,0,A,21,25,22,39,0
20150105-M-Doha-R32-Rafael_Nadal-Michael_Berrer::66,20150105-M-Doha-R32-Rafael_Nadal-Michael_Berrer,atp,2015-01-05,Doha,R32,Hard,3,Rafael Nadal,Michael Berrer,66,1,0,1,2,0,15,A,21,26,22,39,0
20150105-M-Doha-R32-Rafael_Nadal-Michael_Berrer::67,20150105-M-Doha-R32-Rafael_Nadal-Michael_Berrer,atp,2015-01-05,Doha,R32,Hard,3,Rafael Nadal,Michael Berrer,67,1,0,1,2,15,15,A,22,27,22,39,0
20150105-M-Doha-R32-Rafael_Nadal-Michael_Berrer::68,20150105-M-Doha-R32-Rafael_Nadal-Michael_Berrer,atp,2015-01-05,Doha,R32,Hard,3,Rafael Nadal,Michael Berrer,68,1,0,1,2,15,30,A,22,28,22,39,0
20150105-M-Doha-R32-Rafael_Nadal-Michael_Berrer::69,20150105-M-Doha-R32-Rafael_Nadal-Michael_Berrer,atp,2015-01-05,Doha,R32,Hard,3,Rafael Nadal,Michael Berrer,69,1,0,1,2,15,40,A,22,29,22,39,0
20150105-M-Doha-R32-Rafael_Nadal-Michael_Berrer::70,20150105-M-Doha-R32-Rafael_Nadal-Michael_Berrer,atp,2015-01-05,Doha,R32,Hard,3,Rafael Nadal,Michael Berrer,70,1,0,1,2,30,40,A,23,30,22,39,0
20150105-M-Doha-R32-Rafael_Nadal-Michael_Berrer::71,20150105-M-Doha-R32-Rafael_Nadal-Michael_Berrer,atp,2015-01-05,Doha,R32,Hard,3,Rafael Nadal,Michael Berrer,71,1,0,1,3,0,0,B,23,31,22,39,0
20150105-M-Doha-R32-Rafael_Nadal-Michael_Berrer::72,20150105-M-Doha-R32-Rafael_Nadal-Michael_Berrer,atp,2015-01-05,Doha,R32,Hard,3,Rafael Nadal,Michael Berrer,72,1,0,1,3,0,15,B,23,31,23,40,0
20150105-M-Doha-R32-Rafael_Nadal-Michael_Berrer::73,20150105-M-Doha-R32-Rafael_Nadal-Michael_Berrer,atp,2015-01-05,Doha,R32,Hard,3,Rafael Nadal,Michael Berrer,73,1,0,1,3,0,30,B,23,31,24,41,0
20150105-M-Doha-R32-Rafael_Nadal-Michael_Berrer::74,20150105-M-Doha-R32-Rafael_Nadal-Michael_Berrer,atp,2015-01-05,Doha,R32,Hard,3,Rafael Nadal,Michael Berrer,74,1,0,1,3,0,40,B,23,31,25,42,0
20150105-M-Doha-R32-Rafael_Nadal-Michael_Berrer::75,20150105-M-Doha-R32-Rafael_Nadal-Michael_Berrer,atp,2015-01-05,Doha,R32,Hard,3,Rafael Nadal,Michael Berrer,75,1,0,1,4,0,0,A,23,31,26,43,0
20150105-M-Doha-R32-Rafael_Nadal-Michael_Berrer::76,20150105-M-Doha-R32-Rafael_Nadal-Michael_Berrer,atp,2015-01-05,Doha,R32,Hard,3,Rafael Nadal,Michael Berrer,76,1,0,1,4,0,15,A,23,32,26,43,0
20150105-M-Doha-R32-Rafael_Nadal-Michael_Berrer::77,20150105-M-Doha-R32-Rafael_Nadal-Michael_Berrer,atp,2015-01-05,Doha,R32,Hard,3,Rafael Nadal,Michael Berrer,77,1,0,1,4,15,15,A,24,33,26,43,0
20150105-M-Doha-R32-Rafael_Nadal-Michael_Berrer::78,20150105-M-Doha-R32-Rafael_Nadal-Michael_Berrer,atp,2015-01-05,Doha,R32,Hard,3,Rafael Nadal,Michael Berrer,78,1,0,1,4,15,30,A,24,34,26,43,0
20150105-M-Doha-R32-Rafael_Nadal-Michael_Berrer::79,20150105-M-Doha-R32-Rafael_Nadal-Michael_Berrer,atp,2015-01-05,Doha,R32,Hard,3,Rafael Nadal,Michael Berrer,79,1,0,1,4,30,30,A,25,35,26,43,0
20150105-M-Doha-R32-Rafael_Nadal-Michael_Berrer::80,20150105-M-Doha-R32-Rafael_Nadal-Michael_Berrer,atp,2015-01-05,Doha,R32,Hard,3,Rafael Nadal,Michael Berrer,80,1,0,1,4,30,40,A,25,36,26,43,0
20150105-M-Doha-R32-Rafael_Nadal-Michael_Berrer::81,20150105-M-Doha-R32-Rafael_Nadal-Michael_Berrer,atp,2015-01-05,Doha,R32,Hard,3,Rafael Nadal,Michael Berrer,81,1,0,1,4,40,40,A,26,37,26,43,0
20150105-M-Doha-R32-Rafael_Nadal-Michael_Berrer::82,20150105-M-Doha-R32-Rafael_Nadal-Michael_Berrer,atp,2015-01-05,Doha,R32,Hard,3,Rafael Nadal,Michael Berrer,82,1,0,1,4,AD,40,A,27,38,26,43,0
20150105-M-Doha-R32-Rafael_Nadal-Michael_Berrer::83,20150105-M-Doha-R32-Rafael_Nadal-Michael_Berrer,atp,2015-01-05,Doha,R32,Hard,3,Rafael Nadal,Michael Berrer,83,1,0,2,4,0,0,B,28,39,26,43,0
20150105-M-Doha-R32-Rafael_Nadal-Michael_Berrer::84,20150105-M-Doha-R32-Rafael_Nadal-Michael_Berrer,atp,2015-01-05,Doha,R32,Hard,3,Rafael Nadal,Michael Berrer,84,1,0,2,4,0,15,B,28,39,27,44,0
20150105-M-Doha-R32-Rafael_Nadal-Michael_Berrer::85,20150105-M-Doha-R32-Rafael_Nadal-Michael_Berrer,atp,2015-01-05,Doha,R32,Hard,3,Rafael Nadal,Michael Berrer,85,1,0,2,4,15,15,B,28,39,27,45,0
20150105-M-Doha-R32-Rafael_Nadal-Michael_Berrer::86,20150105-M-Doha-R32-Rafael_Nadal-Michael_Berrer,atp,2015-01-05,Doha,R32,Hard,3,Rafael Nadal,Michael Berrer,86,1,0,2,4,15,30,B,28,39,28,46,0
20150105-M-Doha-R32-Rafael_Nadal-Michael_Berrer::87,20150105-M-Doha-R32-Rafael_Nadal-Michael_Berrer,atp,2015-01-05,Doha,R32,Hard,3,Rafael Nadal,Michael Berrer,87,1,0,2,4,15,40,B,28,39,29,47,0
20150105-M-Doha-R32-Rafael_Nadal-Michael_Berrer::88,20150105-M-Doha-R32-Rafael_Nadal-Michael_Berrer,atp,2015-01-05,Doha,R32,Hard,3,Rafael Nadal,Michael Berrer,88,1,0,2,4,30,40,B,28,39,29,48,0
20150105-M-Doha-R32-Rafael_Nadal-Michael_Berrer::89,20150105-M-Doha-R32-Rafael_Nadal-Michael_Berrer,atp,2015-01-05,Doha,R32,Hard,3,Rafael Nadal,Michael Berrer,89,1,0,2,5,0,0,A,28,39,30,49,0
20150105-M-Doha-R32-Rafael_Nadal-Michael_Berrer::90,20150105-M-Doha-R32-Rafael_Nadal-Michael_Berrer,atp,2015-01-05,Doha,R32,Hard,3,Rafael Nadal,Michael Berrer,90,1,0,2,5,15,0,A,29,40,30,49,0
20150105-M-Doha-R32-Rafael_Nadal-Michael_Berrer::91,20150105-M-Doha-R32-Rafael_Nadal-Michael_Berrer,atp,2015-01-05,Doha,R32,Hard,3,Rafael Nadal,Michael Berrer,91,1,0,2,5,15,15,A,29,41,30,49,0
20150105-M-Doha-R32-Rafael_Nadal-Michael_Berrer::92,20150105-M-Doha-R32-Rafael_Nadal-Michael_Berrer,atp,2015-01-05,Doha,R32,Hard,3,Rafael Nadal,Michael Berrer,92,1,0,2,5,30,15,A,30,42,30,49,0
20150105-M-Doha-R32-Rafael_Nadal-Michael_Berrer::93,20150105-M-Doha-R32-Rafael_Nadal-Michael_Berrer,atp,2015-01-05,Doha,R32,Hard,3,Rafael Nadal,Michael Berrer,93,1,0,2,5,40,15,A,31,43,30,49,0
20150105-M-Doha-R32-Rafael_Nadal-Michael_Berrer::94,20150105-M-Doha-R32-Rafael_Nadal-Michael_Berrer,atp,2015-01-05,Doha,R32,Hard,3,Rafael Nadal,Michael Berrer,94,1,0,3,5,0,0,B,32,44,30,49,0
20150105-M-Doha-R32-Rafael_Nadal-Michael_Berrer::95,20150105-M-Doha-R32-Rafael_Nadal-Michael_Berrer,atp,2015-01-05,Doha,R32,Hard,3,Rafael Nadal,Michael Berrer,95,1,0,3,5,0,15,B,32,44,31,50,0
20150105-M-Doha-R32-Rafael_Nadal-Michael_Berrer::96,20150105-M-Doha-R32-Rafael_Nadal-Michael_Berrer,atp,2015-01-05,Doha,R32,Hard,3,Rafael Nadal,Michael Berrer,96,1,0,3,5,15,15,B,32,44,31,51,0
20150105-M-Doha-R32-Rafael_Nadal-Michael_Berrer::97,20150105-M-Doha-R32-Rafael_Nadal-Michael_Berrer,atp,2015-01-05,Doha,R32,Hard,3,Rafael Nadal,Michael Berrer,97,1,0,3,5,15,30,B,32,44,32,52,0
20150105-M-Doha-R32-Rafael_Nadal-Michael_Berrer::98,20150105-M-Doha-R32-Rafael_Nadal-Michael_Berrer,atp,2015-01-05,Doha,R32,Hard,3,Rafael Nadal,Michael Berrer,98,1,0,3,5,30,30,B,32,44,32,53,0
20150105-M-Doha-R32-Rafael_Nadal-Michael_Berrer::99,20150105-M-Doha-R32-Rafael_Nadal-Michael_Berrer,atp,2015-01-05,Doha,R32,Hard,3,Rafael Nadal,Michael Berrer,99,1,0,3,5,30,40,B,32,44,33,54,0
20150105-M-Doha-R32-Rafael_Nadal-Michael_Berrer::100,20150105-M-Doha-R32-Rafael_Nadal-Michael_Berrer,atp,2015-01-05,Doha,R32,Hard,3,Rafael Nadal,Michael Berrer,100,1,1,0,0,0,0,A,32,44,34,55,0
20150105-M-Doha-R32-Rafael_Nadal-Michael_Berrer::101,20150105-M-Doha-R32-Rafael_Nadal-Michael_Berrer,atp,2015-01-05,Doha,R32,Hard,3,Rafael Nadal,Michael Berrer,101,1,1,0,0,0,15,A,32,45,34,55,0
20150105-M-Doha-R32-Rafael_Nadal-Michael_Berrer::102,20150105-M-Doha-R32-Rafael_Nadal-Michael_Berrer,atp,2015-01-05,Doha,R32,Hard,3,Rafael Nadal,Michael Berrer,102,1,1,0,0,15,15,A,33,46,34,55,0
20150105-M-Doha-R32-Rafael_Nadal-Michael_Berrer::103,20150105-M-Doha-R32-Rafael_Nadal-Michael_Berrer,atp,2015-01-05,Doha,R32,Hard,3,Rafael Nadal,Michael Berrer,103,1,1,0,0,15,30,A,33,47,34,55,0
20150105-M-Doha-R32-Rafael_Nadal-Michael_Berrer::104,20150105-M-Doha-R32-Rafael_Nadal-Michael_Berrer,atp,2015-01-05,Doha,R32,Hard,3,Rafael Nadal,Michael Berrer,104,1,1,0,0,15,40,A,33,48,34,55,0
20150105-M-Doha-R32-Rafael_Nadal-Michael_Berrer::105,20150105-M-Doha-R32-Rafael_Nadal-Michael_Berrer,atp,2015-01-05,Doha,R32,Hard,3,Rafael Nadal,Michael Berrer,105,1,1,0,1,0,0,B,33,49,34,55,0
20150105-M-Doha-R32-Rafael_Nadal-Michael_Berrer::106,20150105-M-Doha-R32-Rafael_Nadal-Michael_Berrer,atp,2015-01-05,Doha,R32,Hard,3,Rafael Nadal,Michael Berrer,106,1,1,0,1,0,15,B,33,49,35,56,0
20150105-M-Doha-R32-Rafael_Nadal-Michael_Berrer::107,20150105-M-Doha-R32-Rafael_Nadal-Michael_Berrer,atp,2015-01-05,Doha,R32,Hard,3,Rafael Nadal,Michael Berrer,107,1,1,0,1,0,30,B,33,49,36,57,0
20150105-M-Doha-R32-Rafael_Nadal-Michael_Berrer::108,20150105-M-Doha-R32-Rafael_Nadal-Michael_Berrer,atp,2015-01-05,Doha,R32,Hard,3,Rafael Nadal,Michael Berrer,108,1,1,0,1,0,40,B,33,49,37,58,0
20150105-M-Doha-R32-Rafael_Nadal-Michael_Berrer::109,20150105-M-Doha-R32-Rafael_Nadal-Michael_Berrer,atp,2015-01-05,Doha,R32,Hard,3,Rafael Nadal,Michael Berrer,109,1,1,0,2,0,0,A,33,49,38,59,0
20150105-M-Doha-R32-Rafael_Nadal-Michael_Berrer::110,20150105-M-Doha-R32-Rafael_Nadal-Michael_Berrer,atp,2015-01-05,Doha,R32,Hard,3,Rafael Nadal,Michael Berrer,110,1,1,0,2,15,0,A,34,50,38,59,0
20150105-M-Doha-R32-Rafael_Nadal-Michael_Berrer::111,20150105-M-Doha-R32-Rafael_Nadal-Michael_Berrer,atp,2015-01-05,Doha,R32,Hard,3,Rafael Nadal,Michael Berrer,111,1,1,0,2,30,0,A,35,51,38,59,0
20150105-M-Doha-R32-Rafael_Nadal-Michael_Berrer::112,20150105-M-Doha-R32-Rafael_Nadal-Michael_Berrer,atp,2015-01-05,Doha,R32,Hard,3,Rafael Nadal,Michael Berrer,112,1,1,0,2,40,0,A,36,52,38,59,0
20150105-M-Doha-R32-Rafael_Nadal-Michael_Berrer::113,20150105-M-Doha-R32-Rafael_Nadal-Michael_Berrer,atp,2015-01-05,Doha,R32,Hard,3,Rafael Nadal,Michael Berrer,113,1,1,0,2,40,15,A,36,53,38,59,0
20150105-M-Doha-R32-Rafael_Nadal-Michael_Berrer::114,20150105-M-Doha-R32-Rafael_Nadal-Michael_Berrer,atp,2015-01-05,Doha,R32,Hard,3,Rafael Nadal,Michael Berrer,114,1,1,1,2,0,0,B,37,54,38,59,0
20150105-M-Doha-R32-Rafael_Nadal-Michael_Berrer::115,20150105-M-Doha-R32-Rafael_Nadal-Michael_Berrer,atp,2015-01-05,Doha,R32,Hard,3,Rafael Nadal,Michael Berrer,115,1,1,1,2,0,15,B,37,54,39,60,0
20150105-M-Doha-R32-Rafael_Nadal-Michael_Berrer::116,20150105-M-Doha-R32-Rafael_Nadal-Michael_Berrer,atp,2015-01-05,Doha,R32,Hard,3,Rafael Nadal,Michael Berrer,116,1,1,1,2,15,15,B,37,54,39,61,0
20150105-M-Doha-R32-Rafael_Nadal-Michael_Berrer::117,20150105-M-Doha-R32-Rafael_Nadal-Michael_Berrer,atp,2015-01-05,Doha,R32,Hard,3,Rafael Nadal,Michael Berrer,117,1,1,1,2,15,30,B,37,54,40,62,0
20150105-M-Doha-R32-Rafael_Nadal-Michael_Berrer::118,20150105-M-Doha-R32-Rafael_Nadal-Michael_Berrer,atp,2015-01-05,Doha,R32,Hard,3,Rafael Nadal,Michael Berrer,118,1,1,1,2,30,30,B,37,54,40,63,0
20150105-M-Doha-R32-Rafael_Nadal-Michael_Berrer::119,20150105-M-Doha-R32-Rafael_Nadal-Michael_Berrer,atp,2015-01-05,Doha,R32,Hard,3,Rafael Nadal,Michael Berrer,119,1,1,1,2,40,30,B,37,54,40,64,0
20150105-M-Doha-R32-Rafael_Nadal-Michael_Berrer::120,20150105-M-Doha-R32-Rafael_Nadal-Michael_Berrer,atp,2015-01-05,Doha,R32,Hard,3,Rafael Nadal,Michael Berrer,120,1,1,1,2,40,40,B,37,54,41,65,0
20150105-M-Doha-R32-Rafael_Nadal-Michael_Berrer::121,20150105-M-Doha-R32-Rafael_Nadal-Michael_Berrer,atp,2015-01-05,Doha,R32,Hard,3,Rafael Nadal,Michael Berrer,121,1,1,1,2,AD,40,B,37,54,41,66,0
20150105-M-Doha-R32-Rafael_Nadal-Michael_Berrer::122,20150105-M-Doha-R32-Rafael_Nadal-Michael_Berrer,atp,2015-01-05,Doha,R32,Hard,3,Rafael Nadal,Michael Berrer,122,1,1,1,2,40,40,B,37,54,42,67,0
20150105-M-Doha-R32-Rafael_Nadal-Michael_Berrer::123,20150105-M-Doha-R32-Rafael_Nadal-Michael_Berrer,atp,2015-01-05,Doha,R32,Hard,3,Rafael Nadal,Michael Berrer,123,1,1,1,2,40,AD,B,37,54,43,68,0
20150105-M-Doha-R32-Rafael_Nadal-Michael_Berrer::124,20150105-M-Doha-R32-Rafael_Nadal-Michael_Berrer,atp,2015-01-05,Doha,R32,Hard,3,Rafael Nadal,Michael Berrer,124,1,1,1,3,0,0,A,37,54,44,69,0
20150105-M-Doha-R32-Rafael_Nadal-Michael_Berrer::125,20150105-M-Doha-R32-Rafael_Nadal-Michael_Berrer,atp,2015-01-05,Doha,R32,Hard,3,Rafael Nadal,Michael Berrer,125,1,1,1,3,0,15,A,37,55,44,69,0
20150105-M-Doha-R32-Rafael_Nadal-Michael_Berrer::126,20150105-M-Doha-R32-Rafael_Nadal-Michael_Berrer,atp,2015-01-05,Doha,R32,Hard,3,Rafael Nadal,Michael Berrer,126,1,1,1,3,15,15,A,38,56,44,69,0
20150105-M-Doha-R32-Rafael_Nadal-Michael_Berrer::127,20150105-M-Doha-R32-Rafael_Nadal-Michael_Berrer,atp,2015-01-05,Doha,R32,Hard,3,Rafael Nadal,Michael Berrer,127,1,1,1,3,15,30,A,38,57,44,69,0
20150105-M-Doha-R32-Rafael_Nadal-Michael_Berrer::128,20150105-M-Doha-R32-Rafael_Nadal-Michael_Berrer,atp,2015-01-05,Doha,R32,Hard,3,Rafael Nadal,Michael Berrer,128,1,1,1,3,30,30,A,39,58,44,69,0
20150105-M-Doha-R32-Rafael_Nadal-Michael_Berrer::129,20150105-M-Doha-R32-Rafael_Nadal-Michael_Berrer,atp,2015-01-05,Doha,R32,Hard,3,Rafael Nadal,Michael Berrer,129,1,1,1,3,40,30,A,40,59,44,69,0
20150105-M-Doha-R32-Rafael_Nadal-Michael_Berrer::130,20150105-M-Doha-R32-Rafael_Nadal-Michael_Berrer,atp,2015-01-05,Doha,R32,Hard,3,Rafael Nadal,Michael Berrer,130,1,1,2,3,0,0,B,41,60,44,69,0
20150105-M-Doha-R32-Rafael_Nadal-Michael_Berrer::131,20150105-M-Doha-R32-Rafael_Nadal-Michael_Berrer,atp,2015-01-05,Doha,R32,Hard,3,Rafael Nadal,Michael Berrer,131,1,1,2,3,0,15,B,41,60,45,70,0
20150105-M-Doha-R32-Rafael_Nadal-Michael_Berrer::132,20150105-M-Doha-R32-Rafael_Nadal-Michael_Berrer,atp,2015-01-05,Doha,R32,Hard,3,Rafael Nadal,Michael Berrer,132,1,1,2,3,0,30,B,41,60,46,71,0
20150105-M-Doha-R32-Rafael_Nadal-Michael_Berrer::133,20150105-M-Doha-R32-Rafael_Nadal-Michael_Berrer,atp,2015-01-05,Doha,R32,Hard,3,Rafael Nadal,Michael Berrer,133,1,1,2,3,0,40,B,41,60,47,72,0
20150105-M-Doha-R32-Rafael_Nadal-Michael_Berrer::134,20150105-M-Doha-R32-Rafael_Nadal-Michael_Berrer,atp,2015-01-05,Doha,R32,Hard,3,Rafael Nadal,Michael Berrer,134,1,1,2,3,15,40,B,41,60,47,73,0
20150105-M-Doha-R32-Rafael_Nadal-Michael_Berrer::135,20150105-M-Doha-R32-Rafael_Nadal-Michael_Berrer,atp,2015-01-05,Doha,R32,Hard,3,Rafael Nadal,Michael Berrer,135,1,1,2,4,0,0,A,41,60,48,74,0
20150105-M-Doha-R32-Rafael_Nadal-Michael_Berrer::136,20150105-M-Doha-R32-Rafael_Nadal-Michael_Berrer,atp,2015-01-05,Doha,R32,Hard,3,Rafael Nadal,Michael Berrer,136,1,1,2,4,0,15,A,41,61,48,74,0
20150105-M-Doha-R32-Rafael_Nadal-Michael_Berrer::137,20150105-M-Doha-R32-Rafael_Nadal-Michael_Berrer,atp,2015-01-05,Doha,R32,Hard,3,Rafael Nadal,Michael Berrer,137,1,1,2,4,15,15,A,42,62,48,74,0
20150105-M-Doha-R32-Rafael_Nadal-Michael_Berrer::138,20150105-M-Doha-R32-Rafael_Nadal-Michael_Berrer,atp,2015-01-05,Doha,R32,Hard,3,Rafael Nadal,Michael Berrer,138,1,1,2,4,30,15,A,43,63,48,74,0
20150105-M-Doha-R32-Rafael_Nadal-Michael_Berrer::139,20150105-M-Doha-R32-Rafael_Nadal-Michael_Berrer,atp,2015-01-05,Doha,R32,Hard,3,Rafael Nadal,Michael Berrer,139,1,1,2,4,40,15,A,44,64,48,74,0
20150105-M-Doha-R32-Rafael_Nadal-Michael_Berrer::140,20150105-M-Doha-R32-Rafael_Nadal-Michael_Berrer,atp,2015-01-05,Doha,R32,Hard,3,Rafael Nadal,Michael Berrer,140,1,1,2,4,40,30,A,44,65,48,74,0
20150105-M-Doha-R32-Rafael_Nadal-Michael_Berrer::141,20150105-M-Doha-R32-Rafael_Nadal-Michael_Berrer,atp,2015-01-05,Doha,R32,Hard,3,Rafael Nadal,Michael Berrer,141,1,1,3,4,0,0,B,45,66,48,74,0
20150105-M-Doha-R32-Rafael_Nadal-Michael_Berrer::142,20150105-M-Doha-R32-Rafael_Nadal-Michael_Berrer,atp,2015-01-05,Doha,R32,Hard,3,Rafael Nadal,Michael Berrer,142,1,1,3,4,0,15,B,45,66,49,75,0
20150105-M-Doha-R32-Rafael_Nadal-Michael_Berrer::143,20150105-M-Doha-R32-Rafael_Nadal-Michael_Berrer,atp,2015-01-05,Doha,R32,Hard,3,Rafael Nadal,Michael Berrer,143,1,1,3,4,15,15,B,45,66,49,76,0
20150105-M-Doha-R32-Rafael_Nadal-Michael_Berrer::144,20150105-M-Doha-R32-Rafael_Nadal-Michael_Berrer,atp,2015-01-05,Doha,R32,Hard,3,Rafael Nadal,Michael Berrer,144,1,1,3,4,15,30,B,45,66,50,77,0
20150105-M-Doha-R32-Rafael_Nadal-Michael_Berrer::145,20150105-M-Doha-R32-Rafael_Nadal-Michael_Berrer,atp,2015-01-05,Doha,R32,Hard,3,Rafael Nadal,Michael Berrer,145,1,1,3,4,15,40,B,45,66,51,78,0
20150105-M-Doha-R32-Rafael_Nadal-Michael_Berrer::146,20150105-M-Doha-R32-Rafael_Nadal-Michael_Berrer,atp,2015-01-05,Doha,R32,Hard,3,Rafael Nadal,Michael Berrer,146,1,1,3,5,0,0,A,45,66,52,79,0
20150105-M-Doha-R32-Rafael_Nadal-Michael_Berrer::147,20150105-M-Doha-R32-Rafael_Nadal-Michael_Berrer,atp,2015-01-05,Doha,R32,Hard,3,Rafael Nadal,Michael Berrer,147,1,1,3,5,0,15,A,45,67,52,79,0
20150105-M-Doha-R32-Rafael_Nadal-Michael_Berrer::148,20150105-M-Doha-R32-Rafael_Nadal-Michael_Berrer,atp,2015-01-05,Doha,R32,Hard,3,Rafael Nadal,Michael Berrer,148,1,1,3,5,15,15,A,46,68,52,79,0
20150105-M-Doha-R32-Rafael_Nadal-Michael_Berrer::149,20150105-M-Doha-R32-Rafael_Nadal-Michael_Berrer,atp,2015-01-05,Doha,R32,Hard,3,Rafael Nadal,Michael Berrer,149,1,1,3,5,30,15,A,47,69,52,79,0
20150105-M-Doha-R32-Rafael_Nadal-Michael_Berrer::150,20150105-M-Doha-R32-Rafael_Nadal-Michael_Berrer,atp,2015-01-05,Doha,R32,Hard,3,Rafael Nadal,Michael Berrer,150,1,1,3,5,30,30,A,47,70,52,79,0
20150105-M-Doha-R32-Rafael_Nadal-Michael_Berrer::151,20150105-M-Doha-R32-Rafael_Nadal-Michael_Berrer,atp,2015-01-05,Doha,R32,Hard,3,Rafael Nadal,Michael Berrer,151,1,1,3,5,40,30,A,48,71,52,79,0
20150105-M-Doha-R32-Rafael_Nadal-Michael_Berrer::152,20150105-M-Doha-R32-Rafael_Nadal-Michael_Berrer,atp,2015-01-05,Doha,R32,Hard,3,Rafael Nadal,Michael Berrer,152,1,1,4,5,0,0,B,49,72,52,79,0
20150105-M-Doha-R32-Rafael_Nadal-Michael_Berrer::153,20150105-M-Doha-R32-Rafael_Nadal-Michael_Berrer,atp,2015-01-05,Doha,R32,Hard,3,Rafael Nadal,Michael Berrer,153,1,1,4,5,15,0,B,49,72,52,80,0
20150105-M-Doha-R32-Rafael_Nadal-Michael_Berrer::154,20150105-M-Doha-R32-Rafael_Nadal-Michael_Berrer,atp,2015-01-05,Doha,R32,Hard,3,Rafael Nadal,Michael Berrer,154,1,1,4,5,30,0,B,49,72,52,81,0
20150105-M-Doha-R32-Rafael_Nadal-Michael_Berrer::155,20150105-M-Doha-R32-Rafael_Nadal-Michael_Berrer,atp,2015-01-05,Doha,R32,Hard,3,Rafael Nadal,Michael Berrer,155,1,1,4,5,30,15,B,49,72,53,82,0
20150105-M-Doha-R32-Rafael_Nadal-Michael_Berrer::156,20150105-M-Doha-R32-Rafael_Nadal-Michael_Berrer,atp,2015-01-05,Doha,R32,Hard,3,Rafael Nadal,Michael Berrer,156,1,1,4,5,40,15,B,49,72,53,83,0
20150105-M-Doha-R32-Rafael_Nadal-Michael_Berrer::157,20150105-M-Doha-R32-Rafael_Nadal-Michael_Berrer,atp,2015-01-05,Doha,R32,Hard,3,Rafael Nadal,Michael Berrer,157,1,1,4,5,40,30,B,49,72,54,84,0
20150105-M-Doha-R32-Rafael_Nadal-Michael_Berrer::158,20150105-M-Doha-R32-Rafael_Nadal-Michael_Berrer,atp,2015-01-05,Doha,R32,Hard,3,Rafael Nadal,Michael Berrer,158,1,1,4,5,40,40,B,49,72,55,85,0
20150105-M-Doha-R32-Rafael_Nadal-Michael_Berrer::159,20150105-M-Doha-R32-Rafael_Nadal-Michael_Berrer,atp,2015-01-05,Doha,R32,Hard,3,Rafael Nadal,Michael Berrer,159,1,1,4,5,AD,40,B,49,72,55,86,0
20150105-M-Doha-R32-Rafael_Nadal-Michael_Berrer::160,20150105-M-Doha-R32-Rafael_Nadal-Michael_Berrer,atp,2015-01-05,Doha,R32,Hard,3,Rafael Nadal,Michael Berrer,160,1,1,4,5,40,40,B,49,72,56,87,0
20150105-M-Doha-R32-Rafael_Nadal-Michael_Berrer::161,20150105-M-Doha-R32-Rafael_Nadal-Michael_Berrer,atp,2015-01-05,Doha,R32,Hard,3,Rafael Nadal,Michael Berrer,161,1,1,4,5,40,AD,B,49,72,57,88,0
20150105-W-Auckland-R32-Daniela_Hantuchova-Sara_Errani::1,20150105-W-Auckland-R32-Daniela_Hantuchova-Sara_Errani,wta,2015-01-05,Auckland,R32,Hard,3,Daniela Hantuchova,Sara Errani,1,0,0,0,0,0,0,A,0,0,0,0,1
20150105-W-Auckland-R32-Daniela_Hantuchova-Sara_Errani::2,20150105-W-Auckland-R32-Daniela_Hantuchova-Sara_Errani,wta,2015-01-05,Auckland,R32,Hard,3,Daniela Hantuchova,Sara Errani,2,0,0,0,0,15,0,A,1,1,0,0,1
20150105-W-Auckland-R32-Daniela_Hantuchova-Sara_Errani::3,20150105-W-Auckland-R32-Daniela_Hantuchova-Sara_Errani,wta,2015-01-05,Auckland,R32,Hard,3,Daniela Hantuchova,Sara Errani,3,0,0,0,0,15,15,A,1,2,0,0,1
20150105-W-Auckland-R32-Daniela_Hantuchova-Sara_Errani::4,20150105-W-Auckland-R32-Daniela_Hantuchova-Sara_Errani,wta,2015-01-05,Auckland,R32,Hard,3,Daniela Hantuchova,Sara Errani,4,0,0,0,0,30,15,A,2,3,0,0,1
20150105-W-Auckland-R32-Daniela_Hantuchova-Sara_Errani::5,20150105-W-Auckland-R32-Daniela_Hantuchova-Sara_Errani,wta,2015-01-05,Auckland,R32,Hard,3,Daniela Hantuchova,Sara Errani,5,0,0,0,0,30,30,A,2,4,0,0,1
20150105-W-Auckland-R32-Daniela_Hantuchova-Sara_Errani::6,20150105-W-Auckland-R32-Daniela_Hantuchova-Sara_Errani,wta,2015-01-05,Auckland,R32,Hard,3,Daniela Hantuchova,Sara Errani,6,0,0,0,0,30,40,A,2,5,0,0,1
20150105-W-Auckland-R32-Daniela_Hantuchova-Sara_Errani::7,20150105-W-Auckland-R32-Daniela_Hantuchova-Sara_Errani,wta,2015-01-05,Auckland,R32,Hard,3,Daniela Hantuchova,Sara Errani,7,0,0,0,0,40,40,A,3,6,0,0,1
20150105-W-Auckland-R32-Daniela_Hantuchova-Sara_Errani::8,20150105-W-Auckland-R32-Daniela_Hantuchova-Sara_Errani,wta,2015-01-05,Auckland,R32,Hard,3,Daniela Hantuchova,Sara Errani,8,0,0,0,0,AD,40,A,4,7,0,0,1
20150105-W-Auckland-R32-Daniela_Hantuchova-Sara_Errani::9,20150105-W-Auckland-R32-Daniela_Hantuchova-Sara_Errani,wta,2015-01-05,Auckland,R32,Hard,3,Daniela Hantuchova,Sara Errani,9,0,0,1,0,0,0,B,5,8,0,0,1
20150105-W-Auckland-R32-Daniela_Hantuchova-Sara_Errani::10,20150105-W-Auckland-R32-Daniela_Hantuchova-Sara_Errani,wta,2015-01-05,Auckland,R32,Hard,3,Daniela Hantuchova,Sara Errani,10,0,0,1,0,0,15,B,5,8,1,1,1
20150105-W-Auckland-R32-Daniela_Hantuchova-Sara_Errani::11,20150105-W-Auckland-R32-Daniela_Hantuchova-Sara_Errani,wta,2015-01-05,Auckland,R32,Hard,3,Daniela Hantuchova,Sara Errani,11,0,0,1,0,0,30,B,5,8,2,2,1
20150105-W-Auckland-R32-Daniela_Hantuchova-Sara_Errani::12,20150105-W-Auckland-R32-Daniela_Hantuchova-Sara_Errani,wta,2015-01-05,Auckland,R32,Hard,3,Daniela Hantuchova,Sara Errani,12,0,0,1,0,0,40,B,5,8,3,3,1
20150105-W-Auckland-R32-Daniela_Hantuchova-Sara_Errani::13,20150105-W-Auckland-R32-Daniela_Hantuchova-Sara_Errani,wta,2015-01-05,Auckland,R32,Hard,3,Daniela Hantuchova,Sara Errani,13,0,0,1,0,15,40,B,5,8,3,4,1
20150105-W-Auckland-R32-Daniela_Hantuchova-Sara_Errani::14,20150105-W-Auckland-R32-Daniela_Hantuchova-Sara_Errani,wta,2015-01-05,Auckland,R32,Hard,3,Daniela Hantuchova,Sara Errani,14,0,0,1,0,30,40,B,5,8,3,5,1
20150105-W-Auckland-R32-Daniela_Hantuchova-Sara_Errani::15,20150105-W-Auckland-R32-Daniela_Hantuchova-Sara_Errani,wta,2015-01-05,Auckland,R32,Hard,3,Daniela Hantuchova,Sara Errani,15,0,0,1,0,40,40,B,5,8,3,6,1
20150105-W-Auckland-R32-Daniela_Hantuchova-Sara_Errani::16,20150105-W-Auckland-R32-Daniela_Hantuchova-Sara_Errani,wta,2015-01-05,Auckland,R32,Hard,3,Daniela Hantuchova,Sara Errani,16,0,0,1,0,40,AD,B,5,8,4,7,1
20150105-W-Auckland-R32-Daniela_Hantuchova-Sara_Errani::17,20150105-W-Auckland-R32-Daniela_Hantuchova-Sara_Errani,wta,2015-01-05,Auckland,R32,Hard,3,Daniela Hantuchova,Sara Errani,17,0,0,1,1,0,0,A,5,8,5,8,1
20150105-W-Auckland-R32-Daniela_Hantuchova-Sara_Errani::18,20150105-W-Auckland-R32-Daniela_Hantuchova-Sara_Errani,wta,2015-01-05,Auckland,R32,Hard,3,Daniela Hantuchova,Sara Errani,18,0,0,1,1,15,0,A,6,9,5,8,1
20150105-W-Auckland-R32-Daniela_Hantuchova-Sara_Errani::19,20150105-W-Auckland-R32-Daniela_Hantuchova-Sara_Errani,wta,2015-01-05,Auckland,R32,Hard,3,Daniela Hantuchova,Sara Errani,19,0,0,1,1,15,15,A,6,10,5,8,1
20150105-W-Auckland-R32-Daniela_Hantuchova-Sara_Errani::20,20150105-W-Auckland-R32-Daniela_Hantuchova-Sara_Errani,wta,2015-01-05,Auckland,R32,Hard,3,Daniela Hantuchova,Sara Errani,20,0,0,1,1,30,15,A,7,11,5,8,1
20150105-W-Auckland-R32-Daniela_Hantuchova-Sara_Errani::21,20150105-W-Auckland-R32-Daniela_Hantuchova-Sara_Errani,wta,2015-01-05,Auckland,R32,Hard,3,Daniela Hantuchova,Sara Errani,21,0,0,1,1,40,15,A,8,12,5,8,1
20150105-W-Auckland-R32-Daniela_Hantuchova-Sara_Errani::22,20150105-W-Auckland-R32-Daniela_Hantuchova-Sara_Errani,wta,2015-01-05,Auckland,R32,Hard,3,Daniela Hantuchova,Sara Errani,22,0,0,2,1,0,0,B,9,13,5,8,1
20150105-W-Auckland-R32-Daniela_Hantuchova-Sara_Errani::23,20150105-W-Auckland-R32-Daniela_Hantuchova-Sara_Errani,wta,2015-01-05,Auckland,R32,Hard,3,Daniela Hantuchova,Sara Errani,23,0,0,2,1,15,0,B,9,13,5,9,1
20150105-W-Auckland-R32-Daniela_Hantuchova-Sara_Errani::24,20150105-W-Auckland-R32-Daniela_Hantuchova-Sara_Errani,wta,2015-01-05,Auckland,R32,Hard,3,Daniela Hantuchova,Sara Errani,24,0,0,2,1,30,0,B,9,13,5,10,1
20150105-W-Auckland-R32-Daniela_Hantuchova-Sara_Errani::25,20150105-W-Auckland-R32-Daniela_Hantuchova-Sara_Errani,wta,2015-01-05,Auckland,R32,Hard,3,Daniela Hantuchova,Sara Errani,25,0,0,2,1,40,0,B,9,13,5,11,1
20150105-W-Auckland-R32-Daniela_Hantuchova-Sara_Errani::26,20150105-W-Auckland-R32-Daniela_Hantuchova-Sara_Errani,wta,2015-01-05,Auckland,R32,Hard,3,Daniela Hantuchova,Sara Errani,26,0,0,2,1,40,15,B,9,13,6,12,1
20150105-W-Auckland-R32-Daniela_Hantuchova-Sara_Errani::27,20150105-W-Auckland-R32-Daniela_Hantuchova-Sara_Errani,wta,2015-01-05,Auckland,R32,Hard,3,Daniela Hantuchova,Sara Errani,27,0,0,2,1,40,30,B,9,13,7,13,1
20150105-W-Auckland-R32-Daniela_Hantuchova-Sara_Errani::28,20150105-W-Auckland-R32-Daniela_Hantuchova-Sara_Errani,wta,2015-01-05,Auckland,R32,Hard,3,Daniela Hantuchova,Sara Errani,28,0,0,3,1,0,0,A,9,13,7,14,1
20150105-W-Auckland-R32-Daniela_Hantuchova-Sara_Errani::29,20150105-W-Auckland-R32-Daniela_Hantuchova-Sara_Errani,wta,2015-01-05,Auckland,R32,Hard,3,Daniela Hantuchova,Sara Errani,29,0,0,3,1,0,15,A,9,14,7,14,1
20150105-W-Auckland-R32-Daniela_Hantuchova-Sara_Errani::30,20150105-W-Auckland-R32-Daniela_Hantuchova-Sara_Errani,wta,2015-01-05,Auckland,R32,Hard,3,Daniela Hantuchova,Sara Errani,30,0,0,3,1,15,15,A,10,15,7,14,1
20150105-W-Auckland-R32-Daniela_Hantuchova-Sara_Errani::31,20150105-W-Auckland-R32-Daniela_Hantuchova-Sara_Errani,wta,2015-01-05,Auckland,R32,Hard,3,Daniela Hantuchova,Sara Errani,31,0,0,3,1,30,15,A,11,16,7,14,1
20150105-W-Auckland-R32-Daniela_Hantuchova-Sara_Errani::32,20150105-W-Auckland-R32-Daniela_Hantuchova-Sara_Errani,wta,2015-01-05,Auckland,R32,Hard,3,Daniela Hantuchova,Sara Errani,32,0,0,3,1,40,15,A,12,17,7,14,1
20150105-W-Auckland-R32-Daniela_Hantuchova-Sara_Errani::33,20150105-W-Auckland-R32-Daniela_Hantuchova-Sara_Errani,wta,2015-01-05,Auckland,R32,Hard,3,Daniela Hantuchova,Sara Errani,33,0,0,3,1,40,30,A,12,18,7,14,1
20150105-W-Auckland-R32-Daniela_Hantuchova-Sara_Errani::34,20150105-W-Auckland-R32-Daniela_Hantuchova-Sara_Errani,wta,2015-01-05,Auckland,R32,Hard,3,Daniela Hantuchova,Sara Errani,34,0,0,3,1,40,40,A,12,19,7,14,1
20150105-W-Auckland-R32-Daniela_Hantuchova-Sara_Errani::35,20150105-W-Auckland-R32-Daniela_Hantuchova-Sara_Errani,wta,2015-01-05,Auckland,R32,Hard,3,Daniela Hantuchova,Sara Errani,35,0,0,3,1,AD,40,A,13,20,7,14,1
20150105-W-Auckland-R32-Daniela_Hantuchova-Sara_Errani::36,20150105-W-Auckland-R32-Daniela_Hantuchova-Sara_Errani,wta,2015-01-05,Auckland,R32,Hard,3,Daniela Hantuchova,Sara Errani,36,0,0,3,1,40,40,A,13,21,7,14,1
20150105-W-Auckland-R32-Daniela_Hantuchova-Sara_Errani::37,20150105-W-Auckland-R32-Daniela_Hantuchova-Sara_Errani,wta,2015-01-05,Auckland,R32,Hard,3,Daniela Hantuchova,Sara Errani,37,0,0,3,1,AD,40,A,14,22,7,14,1
20150105-W-Auckland-R32-Daniela_Hantuchova-Sara_Errani::38,20150105-W-Auckland-R32-Daniela_Hantuchova-Sara_Errani,wta,2015-01-05,Auckland,R32,Hard,3,Daniela Hantuchova,Sara Errani,38,0,0,3,1,40,40,A,14,23,7,14,1
20150105-W-Auckland-R32-Daniela_Hantuchova-Sara_Errani::39,20150105-W-Auckland-R32-Daniela_Hantuchova-Sara_Errani,wta,2015-01-05,Auckland,R32,Hard,3,Daniela Hantuchova,Sara Errani,39,0,0,3,1,AD,40,A,15,24,7,14,1
20150105-W-Auckland-R32-Daniela_Hantuchova-Sara_Errani::40,20150105-W-Auckland-R32-Daniela_Hantuchova-Sara_Errani,wta,2015-01-05,Auckland,R32,Hard,3,Daniela Hantuchova,Sara Errani,40,0,0,4,1,0,0,B,16,25,7,14,1
20150105-W-Auckland-R32-Daniela_Hantuchova-Sara_Errani::41,20150105-W-Auckland-R32-Daniela_Hantuchova-Sara_Errani,wta,2015-01-05,Auckland,R32,Hard,3,Daniela Hantuchova,Sara Errani,41,0,0,4,1,0,15,B,16,25,8,15,1
20150105-W-Auckland-R32-Daniela_Hantuchova-Sara_Errani::42,20150105-W-Auckland-R32-Daniela_Hantuchova-Sara_Errani,wta,2015-01-05,Auckland,R32,Hard,3,Daniela Hantuchova,Sara Errani,42,0,0,4,1,0,30,B,16,25,9,16,1
20150105-W-Auckland-R32-Daniela_Hantuchova-Sara_Errani::43,20150105-W-Auckland-R32-Daniela_Hantuchova-Sara_Errani,wta,2015-01-05,Auckland,R32,Hard,3,Daniela Hantuchova,Sara Errani,43,0,0,4,1,15,30,B,16,25,9,17,1
20150105-W-Auckland-R32-Daniela_Hantuchova-Sara_Errani::44,20150105-W-Auckland-R32-Daniela_Hantuchova-Sara_Errani,wta,2015-01-05,Auckland,R32,Hard,3,Daniela Hantuchova,Sara Errani,44,0,0,4,1,15,40,B,16,25,10,18,1
20150105-W-Auckland-R32-Daniela_Hantuchova-Sara_Errani::45,20150105-W-Auckland-R32-Daniela_Hantuchova-Sara_Errani,wta,2015-01-05,Auckland,R32,Hard,3,Daniela Hantuchova,Sara Errani,45,0,0,4,2,0,0,A,16,25,11,19,1
20150105-W-Auckland-R32-Daniela_Hantuchova-Sara_Errani::46,20150105-W-Auckland-R32-Daniela_Hantuchova-Sara_Errani,wta,2015-01-05,Auckland,R32,Hard,3,Daniela Hantuchova,Sara Errani,46,0,0,4,2,0,15,A,16,26,11,19,1
20150105-W-Auckland-R32-Daniela_Hantuchova-Sara_Errani::47,20150105-W-Auckland-R32-Daniela_Hantuchova-Sara_Errani,wta,2015-01-05,Auckland,R32,Hard,3,Daniela Hantuchova,Sara Errani,47,0,0,4,2,15,15,A,17,27,11,19,1
20150105-W-Auckland-R32-Daniela_Hantuchova-Sara_Errani::48,20150105-W-Auckland-R32-Daniela_Hantuchova-Sara_Errani,wta,2015-01-05,Auckland,R32,Hard,3,Daniela Hantuchova,Sara Errani,48,0,0,4,2,30,15,A,18,28,11,19,1
20150105-W-Auckland-R32-Daniela_Hantuchova-Sara_Errani::49,20150105-W-Auckland-R32-Daniela_Hantuchova-Sara_Errani,wta,2015-01-05,Auckland,R32,Hard,3,Daniela Hantuchova,Sara Errani,49,0,0,4,2,30,30,A,18,29,11,19,1
20150105-W-Auckland-R32-Daniela_Hantuchova-Sara_Errani::50,20150105-W-Auckland-R32-Daniela_Hantuchova-Sara_Errani,wta,2015-01-05,Auckland,R32,Hard,3,Daniela Hantuchova,Sara Errani,50,0,0,4,2,40,30,A,19,30,11,19,1
20150105-W-Auckland-R32-Daniela_Hantuchova-Sara_Errani::51,20150105-W-Auckland-R32-Daniela_Hantuchova-Sara_Errani,wta,2015-01-05,Auckland,R32,Hard,3,Daniela Hantuchova,Sara Errani,51,0,0,5,2,0,0,B,20,31,11,19,1
20150105-W-Auckland-R32-Daniela_Hantuchova-Sara_Errani::52,20150105-W-Auckland-R32-Daniela_Hantuchova-Sara_Errani,wta,2015-01-05,Auckland,R32,Hard,3,Daniela Hantuchova,Sara Errani,52,0,0,5,2,0,15,B,20,31,12,20,1
20150105-W-Auckland-R32-Daniela_Hantuchova-Sara_Errani::53,20150105-W-Auckland-R32-Daniela_Hantuchova-Sara_Errani,wta,2015-01-05,Auckland,R32,Hard,3,Daniela Hantuchova,Sara Errani,53,0,0,5,2,0,30,B,20,31,13,21,1
20150105-W-Auckland-R32-Daniela_Hantuchova-Sara_Errani::54,20150105-W-Auckland-R32-Daniela_Hantuchova-Sara_Errani,wta,2015-01-05,Auckland,R32,Hard,3,Daniela Hantuchova,Sara Errani,54,0,0,5,2,15,30,B,20,31,13,22,1
20150105-W-Auckland-R32-Daniela_Hantuchova-Sara_Errani::55,20150105-W-Auckland-R32-Daniela_Hantuchova-Sara_Errani,wta,2015-01-05,Auckland,R32,Hard,3,Daniela Hantuchova,Sara Errani,55,0,0,5,2,30,30,B,20,31,13,23,1
20150105-W-Auckland-R32-Daniela_Hantuchova-Sara_Errani::56,20150105-W-Auckland-R32-Daniela_Hantuchova-Sara_Errani,wta,2015-01-05,Auckland,R32,Hard,3,Daniela Hantuchova,Sara Errani,56,0,0,5,2,40,30,B,20,31,13,24,1
20150105-W-Auckland-R32-Daniela_Hantuchova-Sara_Errani::57,20150105-W-Auckland-R32-Daniela_Hantuchova-Sara_Errani,wta,2015-01-05,Auckland,R32,Hard,3,Daniela Hantuchova,Sara Errani,57,0,0,5,2,40,40,B,20,31,14,25,1
20150105-W-Auckland-R32-Daniela_Hantuchova-Sara_Errani::58,20150105-W-Auckland-R32-Daniela_Hantuchova-Sara_Errani,wta,2015-01-05,Auckland,R32,Hard,3,Daniela Hantuchova,Sara Errani,58,0,0,5,2,40,AD,B,20,31,15,26,1
20150105-W-Auckland-R32-Daniela_Hantuchova-Sara_Errani::59,20150105-W-Auckland-R32-Daniela_Hantuchova-Sara_Errani,wta,2015-01-05,Auckland,R32,Hard,3,Daniela Hantuchova,Sara Errani,59,0,0,5,2,40,40,B,20,31,15,27,1
20150105-W-Auckland-R32-Daniela_Hantuchova-Sara_Errani::60,20150105-W-Auckland-R32-Daniela_Hantuchova-Sara_Errani,wta,2015-01-05,Auckland,R32,Hard,3,Daniela Hantuchova,Sara Errani,60,0,0,5,2,40,AD,B,20,31,16,28,1
20150105-W-Auckland-R32-Daniela_Hantuchova-Sara_Errani::61,20150105-W-Auckland-R32-Daniela_Hantuchova-Sara_Errani,wta,2015-01-05,Auckland,R32,Hard,3,Daniela Hantuchova,Sara Errani,61,0,0,5,2,40,40,B,20,31,16,29,1
20150105-W-Auckland-R32-Daniela_Hantuchova-Sara_Errani::62,20150105-W-Auckland-R32-Daniela_Hantuchova-Sara_Errani,wta,2015-01-05,Auckland,R32,Hard,3,Daniela Hantuchova,Sara Errani,62,0,0,5,2,40,AD,B,20,31,17,30,1
20150105-W-Auckland-R32-Daniela_Hantuchova-Sara_Errani::63,20150105-W-Auckland-R32-Daniela_Hantuchova-Sara_Errani,wta,2015-01-05,Auckland,R32,Hard,3,Daniela Hantuchova,Sara Errani,63,0,0,5,3,0,0,A,20,31,18,31,1
20150105-W-Auckland-R32-Daniela_Hantuchova-Sara_Errani::64,20150105-W-Auckland-R32-Daniela_Hantuchova-Sara_Errani,wta,2015-01-05,Auckland,R32,Hard,3,Daniela Hantuchova,Sara Errani,64,0,0,5,3,15,0,A,21,32,18,31,1
20150105-W-Auckland-R32-Daniela_Hantuchova-Sara_Errani::65,20150105-W-Auckland-R32-Daniela_Hantuchova-Sara_Errani,wta,2015-01-05,Auckland,R32,Hard,3,Daniela Hantuchova,Sara Errani,65,0,0,5,3,15,15,A,21,33,18,31,1
20150105-W-Auckland-R32-Daniela_Hantuchova-Sara_Errani::66,20150105-W-Auckland-R32-Daniela_Hantuchova-Sara_Errani,wta,2015-01-05,Auckland,R32,Hard,3,Daniela Hantuchova,Sara Errani,66,0,0,5,3,30,15,A,22,34,18,31,1
20150105-W-Auckland-R32-Daniela_Hantuchova-Sara_Errani::67,20150105-W-Auckland-R32-Daniela_Hantuchova-Sara_Errani,wta,2015-01-05,Auckland,R32,Hard,3,Daniela Hantuchova,Sara Errani,67,0,0,5,3,40,15,A,23,35,18,31,1
20150105-W-Auckland-R32-Daniela_Hantuchova-Sara_Errani::68,20150105-W-Auckland-R32-Daniela_Hantuchova-Sara_Errani,wta,2015-01-05,Auckland,R32,Hard,3,Daniela Hantuchova,Sara Errani,68,1,0,0,0,0,0,B,24,36,18,31,1
20150105-W-Auckland-R32-Daniela_Hantuchova-Sara_Errani::69,20150105-W-Auckland-R32-Daniela_Hantuchova-Sara_Errani,wta,2015-01-05,Auckland,R32,Hard,3,Daniela Hantuchova,Sara Errani,69,1,0,0,0,0,15,B,24,36,19,32,1
20150105-W-Auckland-R32-Daniela_Hantuchova-Sara_Errani::70,20150105-W-Auckland-R32-Daniela_Hantuchova-Sara_Errani,wta,2015-01-05,Auckland,R32,Hard,3,Daniela Hantuchova,Sara Errani,70,1,0,0,0,0,30,B,24,36,20,33,1
20150105-W-Auckland-R32-Daniela_Hantuchova-Sara_Errani::71,20150105-W-Auckland-R32-Daniela_Hantuchova-Sara_Errani,wta,2015-01-05,Auckland,R32,Hard,3,Daniela Hantuchova,Sara Errani,71,1,0,0,0,0,40,B,24,36,21,34,1
20150105-W-Auckland-R32-Daniela_Hantuchova-Sara_Errani::72,20150105-W-Auckland-R32-Daniela_Hantuchova-Sara_Errani,wta,2015-01-05,Auckland,R32,Hard,3,Daniela Hantuchova,Sara Errani,72,1,0,0,1,0,0,A,24,36,22,35,1
20150105-W-Auckland-R32-Daniela_Hantuchova-Sara_Errani::73,20150105-W-Auckland-R32-Daniela_Hantuchova-Sara_Errani,wta,2015-01-05,Auckland,R32,Hard,3,Daniela Hantuchova,Sara Errani,73,1,0,0,1,0,15,A,24,37,22,35,1
20150105-W-Auckland-R32-Daniela_Hantuchova-Sara_Errani::74,20150105-W-Auckland-R32-Daniela_Hantuchova-Sara_Errani,wta,2015-01-05,Auckland,R32,Hard,3,Daniela Hantuchova,Sara Errani,74,1,0,0,1,0,30,A,24,38,22,35,1
20150105-W-Auckland-R32-Daniela_Hantuchova-Sara_Errani::75,20150105-W-Auckland-R32-Daniela_Hantuchova-Sara_Errani,wta,2015-01-05,Auckland,R32,Hard,3,Daniela Hantuchova,Sara Errani,75,1,0,0,1,0,40,A,24,39,22,35,1
20150105-W-Auckland-R32-Daniela_Hantuchova-Sara_Errani::76,20150105-W-Auckland-R32-Daniela_Hantuchova-Sara_Errani,wta,2015-01-05,Auckland,R32,Hard,3,Daniela Hantuchova,Sara Errani,76,1,0,0,1,15,40,A,25,40,22,35,1
20150105-W-Auckland-R32-Daniela_Hantuchova-Sara_Errani::77,20150105-W-Auckland-R32-Daniela_Hantuchova-Sara_Errani,wta,2015-01-05,Auckland,R32,Hard,3,Daniela Hantuchova,Sara Errani,77,1,0,0,1,30,40,A,26,41,22,35,1
20150105-W-Auckland-R32-Daniela_Hantuchova-Sara_Errani::78,20150105-W-Auckland-R32-Daniela_Hantuchova-Sara_Errani,wta,2015-01-05,Auckland,R32,Hard,3,Daniela Hantuchova,Sara Errani,78,1,0,0,2,0,0,B,26,42,22,35,1
20150105-W-Auckland-R32-Daniela_Hantuchova-Sara_Errani::79,20150105-W-Auckland-R32-Daniela_Hantuchova-Sara_Errani,wta,2015-01-05,Auckland,R32,Hard,3,Daniela Hantuchova,Sara Errani,79,1,0,0,2,15,0,B,26,42,22,36,1
20150105-W-Auckland-R32-Daniela_Hantuchova-Sara_Errani::80,20150105-W-Auckland-R32-Daniela_Hantuchova-Sara_Errani,wta,2015-01-05,Auckland,R32,Hard,3,Daniela Hantuchova,Sara Errani,80,1,0,0,2,30,0,B,26,42,22,37,1
20150105-W-Auckland-R32-Daniela_Hantuchova-Sara_Errani::81,20150105-W-Auckland-R32-Daniela_Hantuchova-Sara_Errani,wta,2015-01-05,Auckland,R32,Hard,3,Daniela Hantuchova,Sara Errani,81,1,0,0,2,30,15,B,26,42,23,38,1
20150105-W-Auckland-R32-Daniela_Hantuchova-Sara_Errani::82,20150105-W-Auckland-R32-Daniela_Hantuchova-Sara_Errani,wta,2015-01-05,Auckland,R32,Hard,3,Daniela Hantuchova,Sara Errani,82,1,0,0,2,30,30,B,26,42,24,39,1
20150105-W-Auckland-R32-Daniela_Hantuchova-Sara_Errani::83,20150105-W-Auckland-R32-Daniela_Hantuchova-Sara_Errani,wta,2015-01-05,Auckland,R32,Hard,3,Daniela Hantuchova,Sara Errani,83,1,0,0,2,40,30,B,26,42,24,40,1
20150105-W-Auckland-R32-Daniela_Hantuchova-Sara_Errani::84,20150105-W-Auckland-R32-Daniela_Hantuchova-Sara_Errani,wta,2015-01-05,Auckland,R32,Hard,3,Daniela Hantuchova,Sara Errani,84,1,0,0,2,40,40,B,26,42,25,41,1
20150105-W-Auckland-R32-Daniela_Hantuchova-Sara_Errani::85,20150105-W-Auckland-R32-Daniela_Hantuchova-Sara_Errani,wta,2015-01-05,Auckland,R32,Hard,3,Daniela Hantuchova,Sara Errani,85,1,0,0,2,AD,40,B,26,42,25,42,1
20150105-W-Auckland-R32-Daniela_Hantuchova-Sara_Errani::86,20150105-W-Auckland-R32-Daniela_Hantuchova-Sara_Errani,wta,2015-01-05,Auckland,R32,Hard,3,Daniela Hantuchova,Sara Errani,86,1,0,1,2,0,0,A,26,42,25,43,1
20150105-W-Auckland-R32-Daniela_Hantuchova-Sara_Errani::87,20150105-W-Auckland-R32-Daniela_Hantuchova-Sara_Errani,wta,2015-01-05,Auckland,R32,Hard,3,Daniela Hantuchova,Sara Errani,87,1,0,1,2,15,0,A,27,43,25,43,1
20150105-W-Auckland-R32-Daniela_Hantuchova-Sara_Errani::88,20150105-W-Auckland-R32-Daniela_Hantuchova-Sara_Errani,wta,2015-01-05,Auckland,R32,Hard,3,Daniela Hantuchova,Sara Errani,88,1,0,1,2,30,0,A,28,44,25,43,1
20150105-W-Auckland-R32-Daniela_Hantuchova-Sara_Errani::89,20150105-W-Auckland-R32-Daniela_Hantuchova-Sara_Errani,wta,2015-01-05,Auckland,R32,Hard,3,Daniela Hantuchova,Sara Errani,89,1,0,1,2,40,0,A,29,45,25,43,1
